ID,FIRST_NAME,LAST_NAME,SIGNUP_DATE,LOAD_DTS
1,Michael,P.,2021-08-01,2022-09-16
2,Shawn,M.,2021-08-02,2022-09-16
3,Kathleen,P.,2021-08-03,2022-09-16
4,Jimmy,C.,2021-08-04,2022-09-16
5,Katherine,R.,2021-08-05,2022-09-16
6,Sarah,R.,2021-08-06,2022-09-16
7,Martin,M.,2021-08-07,2022-09-16
8,Frank,R.,2021-08-08,2022-09-16
9,Jennifer,F.,2021-08-09,2022-09-16
10,Henry,W.,2021-08-10,2022-09-16
11,Fred,S.,2021-08-11,2022-09-16
12,Amy,D.,2021-08-12,2022-09-16
13,Kathleen,M.,2021-08-13,2022-09-16
14,Steve,F.,2021-08-14,2022-09-16
15,Teresa,H.,2021-08-15,2022-09-16
16,Amanda,H.,2021-08-16,2022-09-16
17,Kimberly,R.,2021-08-17,2022-09-16
18,Johnny,K.,2021-08-18,2022-09-16
19,Virginia,F.,2021-08-19,2022-09-16
20,Anna,A.,2021-08-20,2022-09-16
21,Willie,H.,2021-08-21,2022-09-16
22,Sean,H.,2021-08-22,2022-09-16
23,Mildred,A.,2021-08-23,2022-09-16
24,David,G.,2021-08-24,2022-09-16
25,Victor,H.,2021-08-25,2022-09-16
26,Aaron,R.,2021-08-26,2022-09-16
27,Benjamin,B.,2021-08-27,2022-09-16
28,Lisa,W.,2021-08-28,2022-09-16
29,Benjamin,K.,2021-08-29,2022-09-16
30,Christina,W.,2021-08-30,2022-09-16
31,Jane,G.,2021-08-31,2022-09-16
32,Thomas,O.,2021-09-01,2022-09-16
33,Katherine,M.,2021-09-02,2022-09-16
34,Jennifer,S.,2021-09-03,2022-09-16
35,Sara,T.,2021-09-04,2022-09-16
36,Harold,O.,2021-09-05,2022-09-16
37,Shirley,J.,2021-09-06,2022-09-16
38,Dennis,J.,2021-09-07,2022-09-16
39,Louise,W.,2021-09-08,2022-09-16
40,Maria,A.,2021-09-09,2022-09-16
41,Gloria,C.,2021-09-10,2022-09-16
42,Diana,S.,2021-09-11,2022-09-16
43,Kelly,N.,2021-09-12,2022-09-16
44,Jane,R.,2021-09-13,2022-09-16
45,Scott,B.,2021-09-14,2022-09-16
46,Norma,C.,2021-09-15,2022-09-16
47,Marie,P.,2021-09-16,2022-09-16
48,Lillian,C.,2021-09-17,2022-09-16
49,Judy,N.,2021-09-18,2022-09-16
50,Billy,L.,2021-09-19,2022-09-16
51,Howard,R.,2021-09-20,2022-09-16
52,Laura,F.,2021-09-21,2022-09-16
53,Anne,B.,2021-09-22,2022-09-16
54,Rose,M.,2021-09-23,2022-09-16
55,Nicholas,R.,2021-09-24,2022-09-16
56,Joshua,K.,2021-09-25,2022-09-16
57,Paul,W.,2021-09-26,2022-09-16
58,Kathryn,K.,2021-09-27,2022-09-16
59,Adam,A.,2021-09-28,2022-09-16
60,Norma,W.,2021-09-29,2022-09-16
61,Timothy,R.,2021-09-30,2022-09-16
62,Elizabeth,P.,2021-10-01,2022-09-16
63,Edward,G.,2021-10-02,2022-09-16
64,David,C.,2021-10-03,2022-09-16
65,Brenda,W.,2021-10-04,2022-09-16
66,Adam,W.,2021-10-05,2022-09-16
67,Michael,H.,2021-10-06,2022-09-16
68,Jesse,E.,2021-10-07,2022-09-16
69,Janet,P.,2021-10-08,2022-09-16
70,Helen,F.,2021-10-09,2022-09-16
71,Gerald,C.,2021-10-10,2022-09-16
72,Kathryn,O.,2021-10-11,2022-09-16
73,Alan,B.,2021-10-12,2022-09-16
74,Harry,A.,2021-10-13,2022-09-16
75,Andrea,H.,2021-10-14,2022-09-16
76,Barbara,W.,2021-10-15,2022-09-16
77,Anne,W.,2021-10-16,2022-09-16
78,Harry,H.,2021-10-17,2022-09-16
79,Jack,R.,2021-10-18,2022-09-16
80,Phillip,H.,2021-10-19,2022-09-16
81,Shirley,H.,2021-10-20,2022-09-16
82,Arthur,D.,2021-10-21,2022-09-16
83,Virginia,R.,2021-10-22,2022-09-16
84,Christina,R.,2021-10-23,2022-09-16
85,Theresa,M.,2021-10-24,2022-09-16
86,Jason,C.,2021-10-25,2022-09-16
87,Phillip,B.,2021-10-26,2022-09-16
88,Adam,T.,2021-10-27,2022-09-16
89,Margaret,J.,2021-10-28,2022-09-16
90,Paul,P.,2021-10-29,2022-09-16
91,Todd,W.,2021-10-30,2022-09-16
92,Willie,O.,2021-10-31,2022-09-16
93,Frances,R.,2021-11-01,2022-09-16
94,Gregory,H.,2021-11-02,2022-09-16
95,Lisa,P.,2021-11-03,2022-09-16
96,Jacqueline,A.,2021-11-04,2022-09-16
97,Shirley,D.,2021-11-05,2022-09-16
98,Nicole,M.,2021-11-06,2022-09-16
99,Mary,G.,2021-11-07,2022-09-16
100,Jean,M.,2021-11-08,2022-09-16
